,Username,Age,Date
0,ashala,39,2018-08-09
1,famous056,34,2018-08-09
2,jidoex66,32,2018-08-09
3,xeyi,30,2018-08-09
4,Sermwell,28,2018-08-09
5,gboloa,27,2018-08-09
6,tallie,30,2018-08-09
7,Emosjohn,31,2018-08-09
8,Hadeyeancah,36,2018-08-09
9,jubeez,30,2018-08-09
10,Omzie,25,2018-08-09
11,aliya247,44,2018-08-09
12,YUSUPH1986,32,2018-08-09
13,HiDee2,32,2018-08-09
14,kiekie1,38,2018-08-09
15,olups,29,2018-08-09
16,ayoadeakintayo,31,2018-08-09
17,lastbaff,26,2018-08-09
18,ganja06,32,2018-08-09
19,Berylpharm,27,2018-08-09
20,mubalex50,29,2018-08-09
21,mrbigseun,32,2018-08-09
22,harden,19,2018-08-09
23,brainb0xx,30,2018-08-09
24,adamou,22,2018-08-09
25,Mprex,24,2018-08-09
26,scionjar,28,2018-08-09
27,Theophinio,23,2018-08-09
28,seankafor,22,2018-08-09
29,masterpix,33,2018-08-09
30,omolan,31,2018-08-09
31,Onozboy,23,2018-08-09
32,teejayahmed,25,2018-08-09
33,kayboi94,24,2018-08-09
34,collarfreak,31,2018-08-09
35,Draybode,22,2018-08-09
36,dtech4me,32,2018-08-09
37,Sirneij,23,2018-08-09
38,MrGoc,29,2018-08-09
39,Ayodeji2k14,38,2018-08-09
40,titopius,30,2018-08-09
41,miccoy,27,2018-08-09
42,jimsky,24,2018-08-09
43,iamwok,25,2018-08-09
44,ibro1979,39,2018-08-09
45,HenryDrizzy,24,2018-08-09
46,ohepo2020,22,2018-08-09
47,OLamylove,22,2018-08-09
48,TinaWu,23,2018-08-09
49,lollylove05,34,2018-08-09
50,Sefunmi996,22,2018-08-09
51,Nissybright,25,2018-08-09
52,Austintony080,25,2018-08-09
53,Jamescosmas,36,2018-08-09
54,mosesedosa1,31,2018-08-09
55,Tobijoshua71,29,2018-08-09
56,easyboss1,29,2018-08-09
57,kingjahjah,28,2018-08-09
58,dikeikenna007,26,2018-08-09
59,donsawtex,23,2018-08-09
60,ikembawilliam30,23,2018-08-09
61,zuchii01,28,2018-08-09
62,Nessytalks,22,2018-08-09
63,rahmmydee,29,2018-08-09
64,holuwademilade,23,2018-08-09
65,Nasveex,20,2018-08-09
66,Brainner,36,2018-08-09
67,OfficialBruno,32,2018-08-09
68,Emmyuc001,28,2018-08-09
69,Temzygold,21,2018-08-09
70,mosky360,35,2018-08-09
71,oluwatobilobar,36,2018-08-09
72,eBENoke,26,2018-08-09
73,Dayssie08,26,2018-08-09
74,babadudu4u,40,2018-08-09
75,brady09,26,2018-08-09
76,Folalu001,36,2018-08-09
77,Vivipecky123,23,2018-08-09
78,AdeGold3778,29,2018-08-09
79,Oladomi,20,2018-08-09
